{"cameraMode":{"drawMode":0,"name":"Shaded","section":"Shading Mode"},"sceneLighting":false,"audioPlay":false,"sceneViewState":{"m_AlwaysRefresh":false,"showFog":true,"showSkybox":true,"showFlares":true,"showImageEffects":true,"showParticleSystems":true,"showVisualEffectGraphs":true,"m_FxEnabled":true},"in2DMode":false,"pivot":{"x":0.23777294158935548,"y":4.443700313568115,"z":-0.3592252731323242},"rotation":{"x":-0.12461982667446137,"y":0.3537810742855072,"z":-0.04762963205575943,"w":-0.9257804155349731},"size":11.162047386169434,"orthographic":false}